page번호,뉴스제목,링크주소,기자이름,제보날짜
1page,약봉지 디자인을 새로 바꾼 이유,https://news.sbs.co.krhttps://news.sbs.co.kr/news/endPage.do?news_id=N1007444398,SBS,2023.11.30 18:06
1page,"[Pick] ""수면제 먹이자"" 중학생들이 단톡방서 동급생 성폭행 모의",https://news.sbs.co.krhttps://news.sbs.co.kr/news/endPage.do?news_id=N1007444935,SBS,2023.11.30 17:55
1page,'백현동 용도 변경 반대' 성남시 공무원 해임 취소 소송 1심 승소,https://news.sbs.co.krhttps://news.sbs.co.kr/news/endPage.do?news_id=N1007445029,SBS,2023.11.30 17:52
1page,"[영상] 외진 시골의 농막, 성매매 광고 사이트 사무실이었다…""돈 없다면서요? 이 10억 뭐예요?!""",https://news.sbs.co.krhttps://news.sbs.co.kr/news/endPage.do?news_id=N1007444679,SBS,2023.11.30 17:52
1page,[글로벌D리포트] 일 고려대장경 세계기록유산 추진 논란,https://news.sbs.co.krhttps://news.sbs.co.kr/news/endPage.do?news_id=N1007444951,SBS,2023.11.30 17:51
1page,[날씨] 당분간 영하권 추위…제주 산지 등 최대 10cm↑ 눈,https://news.sbs.co.krhttps://news.sbs.co.kr/news/endPage.do?news_id=N1007444834,SBS,2023.11.30 17:50
1page,온라인에 여자 프로배구 선수 상대 살인예고 글…경찰 수사 나서,https://news.sbs.co.krhttps://news.sbs.co.kr/news/endPage.do?news_id=N1007445019,SBS,2023.11.30 17:48
1page,"SBS 배여운 기자 '깐깐하게', 이달의 기자상 수상",https://news.sbs.co.krhttps://news.sbs.co.kr/news/endPage.do?news_id=N1007444861,SBS,2023.11.30 17:48
1page,"'택시기사 폭행' 이용구 전 차관, 징역형 집행유예 확정",https://news.sbs.co.krhttps://news.sbs.co.kr/news/endPage.do?news_id=N1007444832,SBS,2023.11.30 17:47
1page,[D리포트] 배터리 없는 전기차로 보조금 54억 가로챈 일당 적발,https://news.sbs.co.krhttps://news.sbs.co.kr/news/endPage.do?news_id=N1007444956,SBS,2023.11.30 17:47
2page,약봉지 디자인을 새로 바꾼 이유,https://news.sbs.co.krhttps://news.sbs.co.kr/news/endPage.do?news_id=N1007444398,SBS,2023.11.30 18:06
2page,"[Pick] ""수면제 먹이자"" 중학생들이 단톡방서 동급생 성폭행 모의",https://news.sbs.co.krhttps://news.sbs.co.kr/news/endPage.do?news_id=N1007444935,SBS,2023.11.30 17:55
2page,'백현동 용도 변경 반대' 성남시 공무원 해임 취소 소송 1심 승소,https://news.sbs.co.krhttps://news.sbs.co.kr/news/endPage.do?news_id=N1007445029,SBS,2023.11.30 17:52
2page,"[영상] 외진 시골의 농막, 성매매 광고 사이트 사무실이었다…""돈 없다면서요? 이 10억 뭐예요?!""",https://news.sbs.co.krhttps://news.sbs.co.kr/news/endPage.do?news_id=N1007444679,SBS,2023.11.30 17:52
2page,[글로벌D리포트] 일 고려대장경 세계기록유산 추진 논란,https://news.sbs.co.krhttps://news.sbs.co.kr/news/endPage.do?news_id=N1007444951,SBS,2023.11.30 17:51
2page,[날씨] 당분간 영하권 추위…제주 산지 등 최대 10cm↑ 눈,https://news.sbs.co.krhttps://news.sbs.co.kr/news/endPage.do?news_id=N1007444834,SBS,2023.11.30 17:50
2page,온라인에 여자 프로배구 선수 상대 살인예고 글…경찰 수사 나서,https://news.sbs.co.krhttps://news.sbs.co.kr/news/endPage.do?news_id=N1007445019,SBS,2023.11.30 17:48
2page,"SBS 배여운 기자 '깐깐하게', 이달의 기자상 수상",https://news.sbs.co.krhttps://news.sbs.co.kr/news/endPage.do?news_id=N1007444861,SBS,2023.11.30 17:48
2page,"'택시기사 폭행' 이용구 전 차관, 징역형 집행유예 확정",https://news.sbs.co.krhttps://news.sbs.co.kr/news/endPage.do?news_id=N1007444832,SBS,2023.11.30 17:47
2page,[D리포트] 배터리 없는 전기차로 보조금 54억 가로챈 일당 적발,https://news.sbs.co.krhttps://news.sbs.co.kr/news/endPage.do?news_id=N1007444956,SBS,2023.11.30 17:47
3page,약봉지 디자인을 새로 바꾼 이유,https://news.sbs.co.krhttps://news.sbs.co.kr/news/endPage.do?news_id=N1007444398,SBS,2023.11.30 18:06
3page,"[Pick] ""수면제 먹이자"" 중학생들이 단톡방서 동급생 성폭행 모의",https://news.sbs.co.krhttps://news.sbs.co.kr/news/endPage.do?news_id=N1007444935,SBS,2023.11.30 17:55
3page,'백현동 용도 변경 반대' 성남시 공무원 해임 취소 소송 1심 승소,https://news.sbs.co.krhttps://news.sbs.co.kr/news/endPage.do?news_id=N1007445029,SBS,2023.11.30 17:52
3page,"[영상] 외진 시골의 농막, 성매매 광고 사이트 사무실이었다…""돈 없다면서요? 이 10억 뭐예요?!""",https://news.sbs.co.krhttps://news.sbs.co.kr/news/endPage.do?news_id=N1007444679,SBS,2023.11.30 17:52
3page,[글로벌D리포트] 일 고려대장경 세계기록유산 추진 논란,https://news.sbs.co.krhttps://news.sbs.co.kr/news/endPage.do?news_id=N1007444951,SBS,2023.11.30 17:51
3page,[날씨] 당분간 영하권 추위…제주 산지 등 최대 10cm↑ 눈,https://news.sbs.co.krhttps://news.sbs.co.kr/news/endPage.do?news_id=N1007444834,SBS,2023.11.30 17:50
3page,온라인에 여자 프로배구 선수 상대 살인예고 글…경찰 수사 나서,https://news.sbs.co.krhttps://news.sbs.co.kr/news/endPage.do?news_id=N1007445019,SBS,2023.11.30 17:48
3page,"SBS 배여운 기자 '깐깐하게', 이달의 기자상 수상",https://news.sbs.co.krhttps://news.sbs.co.kr/news/endPage.do?news_id=N1007444861,SBS,2023.11.30 17:48
3page,"'택시기사 폭행' 이용구 전 차관, 징역형 집행유예 확정",https://news.sbs.co.krhttps://news.sbs.co.kr/news/endPage.do?news_id=N1007444832,SBS,2023.11.30 17:47
3page,[D리포트] 배터리 없는 전기차로 보조금 54억 가로챈 일당 적발,https://news.sbs.co.krhttps://news.sbs.co.kr/news/endPage.do?news_id=N1007444956,SBS,2023.11.30 17:47
4page,약봉지 디자인을 새로 바꾼 이유,https://news.sbs.co.krhttps://news.sbs.co.kr/news/endPage.do?news_id=N1007444398,SBS,2023.11.30 18:06
4page,"[Pick] ""수면제 먹이자"" 중학생들이 단톡방서 동급생 성폭행 모의",https://news.sbs.co.krhttps://news.sbs.co.kr/news/endPage.do?news_id=N1007444935,SBS,2023.11.30 17:55
4page,'백현동 용도 변경 반대' 성남시 공무원 해임 취소 소송 1심 승소,https://news.sbs.co.krhttps://news.sbs.co.kr/news/endPage.do?news_id=N1007445029,SBS,2023.11.30 17:52
4page,"[영상] 외진 시골의 농막, 성매매 광고 사이트 사무실이었다…""돈 없다면서요? 이 10억 뭐예요?!""",https://news.sbs.co.krhttps://news.sbs.co.kr/news/endPage.do?news_id=N1007444679,SBS,2023.11.30 17:52
4page,[글로벌D리포트] 일 고려대장경 세계기록유산 추진 논란,https://news.sbs.co.krhttps://news.sbs.co.kr/news/endPage.do?news_id=N1007444951,SBS,2023.11.30 17:51
4page,[날씨] 당분간 영하권 추위…제주 산지 등 최대 10cm↑ 눈,https://news.sbs.co.krhttps://news.sbs.co.kr/news/endPage.do?news_id=N1007444834,SBS,2023.11.30 17:50
4page,온라인에 여자 프로배구 선수 상대 살인예고 글…경찰 수사 나서,https://news.sbs.co.krhttps://news.sbs.co.kr/news/endPage.do?news_id=N1007445019,SBS,2023.11.30 17:48
4page,"SBS 배여운 기자 '깐깐하게', 이달의 기자상 수상",https://news.sbs.co.krhttps://news.sbs.co.kr/news/endPage.do?news_id=N1007444861,SBS,2023.11.30 17:48
4page,"'택시기사 폭행' 이용구 전 차관, 징역형 집행유예 확정",https://news.sbs.co.krhttps://news.sbs.co.kr/news/endPage.do?news_id=N1007444832,SBS,2023.11.30 17:47
4page,[D리포트] 배터리 없는 전기차로 보조금 54억 가로챈 일당 적발,https://news.sbs.co.krhttps://news.sbs.co.kr/news/endPage.do?news_id=N1007444956,SBS,2023.11.30 17:47
5page,약봉지 디자인을 새로 바꾼 이유,https://news.sbs.co.krhttps://news.sbs.co.kr/news/endPage.do?news_id=N1007444398,SBS,2023.11.30 18:06
5page,"[Pick] ""수면제 먹이자"" 중학생들이 단톡방서 동급생 성폭행 모의",https://news.sbs.co.krhttps://news.sbs.co.kr/news/endPage.do?news_id=N1007444935,SBS,2023.11.30 17:55
5page,'백현동 용도 변경 반대' 성남시 공무원 해임 취소 소송 1심 승소,https://news.sbs.co.krhttps://news.sbs.co.kr/news/endPage.do?news_id=N1007445029,SBS,2023.11.30 17:52
5page,"[영상] 외진 시골의 농막, 성매매 광고 사이트 사무실이었다…""돈 없다면서요? 이 10억 뭐예요?!""",https://news.sbs.co.krhttps://news.sbs.co.kr/news/endPage.do?news_id=N1007444679,SBS,2023.11.30 17:52
5page,[글로벌D리포트] 일 고려대장경 세계기록유산 추진 논란,https://news.sbs.co.krhttps://news.sbs.co.kr/news/endPage.do?news_id=N1007444951,SBS,2023.11.30 17:51
5page,[날씨] 당분간 영하권 추위…제주 산지 등 최대 10cm↑ 눈,https://news.sbs.co.krhttps://news.sbs.co.kr/news/endPage.do?news_id=N1007444834,SBS,2023.11.30 17:50
5page,온라인에 여자 프로배구 선수 상대 살인예고 글…경찰 수사 나서,https://news.sbs.co.krhttps://news.sbs.co.kr/news/endPage.do?news_id=N1007445019,SBS,2023.11.30 17:48
5page,"SBS 배여운 기자 '깐깐하게', 이달의 기자상 수상",https://news.sbs.co.krhttps://news.sbs.co.kr/news/endPage.do?news_id=N1007444861,SBS,2023.11.30 17:48
5page,"'택시기사 폭행' 이용구 전 차관, 징역형 집행유예 확정",https://news.sbs.co.krhttps://news.sbs.co.kr/news/endPage.do?news_id=N1007444832,SBS,2023.11.30 17:47
5page,[D리포트] 배터리 없는 전기차로 보조금 54억 가로챈 일당 적발,https://news.sbs.co.krhttps://news.sbs.co.kr/news/endPage.do?news_id=N1007444956,SBS,2023.11.30 17:47
1page,[D리포트] 배터리 없는 전기차로 보조금 54억 가로챈 일당 적발,https://news.sbs.co.krhttps://news.sbs.co.kr/news/endPage.do?news_id=N1007444956,SBS,2023.11.30 17:47
2page,[D리포트] 배터리 없는 전기차로 보조금 54억 가로챈 일당 적발,https://news.sbs.co.krhttps://news.sbs.co.kr/news/endPage.do?news_id=N1007444956,SBS,2023.11.30 17:47
3page,[D리포트] 배터리 없는 전기차로 보조금 54억 가로챈 일당 적발,https://news.sbs.co.krhttps://news.sbs.co.kr/news/endPage.do?news_id=N1007444956,SBS,2023.11.30 17:47
4page,[D리포트] 배터리 없는 전기차로 보조금 54억 가로챈 일당 적발,https://news.sbs.co.krhttps://news.sbs.co.kr/news/endPage.do?news_id=N1007444956,SBS,2023.11.30 17:47
5page,[D리포트] 배터리 없는 전기차로 보조금 54억 가로챈 일당 적발,https://news.sbs.co.krhttps://news.sbs.co.kr/news/endPage.do?news_id=N1007444956,SBS,2023.11.30 17:47
1page,약봉지 디자인을 새로 바꾼 이유,https://news.sbs.co.krhttps://news.sbs.co.kr/news/endPage.do?news_id=N1007444398,SBS,2023.11.30 18:06
1page,"[Pick] ""수면제 먹이자"" 중학생들이 단톡방서 동급생 성폭행 모의",https://news.sbs.co.krhttps://news.sbs.co.kr/news/endPage.do?news_id=N1007444935,SBS,2023.11.30 17:55
1page,'백현동 용도 변경 반대' 성남시 공무원 해임 취소 소송 1심 승소,https://news.sbs.co.krhttps://news.sbs.co.kr/news/endPage.do?news_id=N1007445029,SBS,2023.11.30 17:52
1page,"[영상] 외진 시골의 농막, 성매매 광고 사이트 사무실이었다…""돈 없다면서요? 이 10억 뭐예요?!""",https://news.sbs.co.krhttps://news.sbs.co.kr/news/endPage.do?news_id=N1007444679,SBS,2023.11.30 17:52
1page,[글로벌D리포트] 일 고려대장경 세계기록유산 추진 논란,https://news.sbs.co.krhttps://news.sbs.co.kr/news/endPage.do?news_id=N1007444951,SBS,2023.11.30 17:51
1page,[날씨] 당분간 영하권 추위…제주 산지 등 최대 10cm↑ 눈,https://news.sbs.co.krhttps://news.sbs.co.kr/news/endPage.do?news_id=N1007444834,SBS,2023.11.30 17:50
1page,온라인에 여자 프로배구 선수 상대 살인예고 글…경찰 수사 나서,https://news.sbs.co.krhttps://news.sbs.co.kr/news/endPage.do?news_id=N1007445019,SBS,2023.11.30 17:48
1page,"SBS 배여운 기자 '깐깐하게', 이달의 기자상 수상",https://news.sbs.co.krhttps://news.sbs.co.kr/news/endPage.do?news_id=N1007444861,SBS,2023.11.30 17:48
1page,"'택시기사 폭행' 이용구 전 차관, 징역형 집행유예 확정",https://news.sbs.co.krhttps://news.sbs.co.kr/news/endPage.do?news_id=N1007444832,SBS,2023.11.30 17:47
1page,[D리포트] 배터리 없는 전기차로 보조금 54억 가로챈 일당 적발,https://news.sbs.co.krhttps://news.sbs.co.kr/news/endPage.do?news_id=N1007444956,SBS,2023.11.30 17:47
2page,약봉지 디자인을 새로 바꾼 이유,https://news.sbs.co.krhttps://news.sbs.co.kr/news/endPage.do?news_id=N1007444398,SBS,2023.11.30 18:06
2page,"[Pick] ""수면제 먹이자"" 중학생들이 단톡방서 동급생 성폭행 모의",https://news.sbs.co.krhttps://news.sbs.co.kr/news/endPage.do?news_id=N1007444935,SBS,2023.11.30 17:55
2page,'백현동 용도 변경 반대' 성남시 공무원 해임 취소 소송 1심 승소,https://news.sbs.co.krhttps://news.sbs.co.kr/news/endPage.do?news_id=N1007445029,SBS,2023.11.30 17:52
2page,"[영상] 외진 시골의 농막, 성매매 광고 사이트 사무실이었다…""돈 없다면서요? 이 10억 뭐예요?!""",https://news.sbs.co.krhttps://news.sbs.co.kr/news/endPage.do?news_id=N1007444679,SBS,2023.11.30 17:52
2page,[글로벌D리포트] 일 고려대장경 세계기록유산 추진 논란,https://news.sbs.co.krhttps://news.sbs.co.kr/news/endPage.do?news_id=N1007444951,SBS,2023.11.30 17:51
2page,[날씨] 당분간 영하권 추위…제주 산지 등 최대 10cm↑ 눈,https://news.sbs.co.krhttps://news.sbs.co.kr/news/endPage.do?news_id=N1007444834,SBS,2023.11.30 17:50
2page,온라인에 여자 프로배구 선수 상대 살인예고 글…경찰 수사 나서,https://news.sbs.co.krhttps://news.sbs.co.kr/news/endPage.do?news_id=N1007445019,SBS,2023.11.30 17:48
2page,"SBS 배여운 기자 '깐깐하게', 이달의 기자상 수상",https://news.sbs.co.krhttps://news.sbs.co.kr/news/endPage.do?news_id=N1007444861,SBS,2023.11.30 17:48
2page,"'택시기사 폭행' 이용구 전 차관, 징역형 집행유예 확정",https://news.sbs.co.krhttps://news.sbs.co.kr/news/endPage.do?news_id=N1007444832,SBS,2023.11.30 17:47
2page,[D리포트] 배터리 없는 전기차로 보조금 54억 가로챈 일당 적발,https://news.sbs.co.krhttps://news.sbs.co.kr/news/endPage.do?news_id=N1007444956,SBS,2023.11.30 17:47
3page,약봉지 디자인을 새로 바꾼 이유,https://news.sbs.co.krhttps://news.sbs.co.kr/news/endPage.do?news_id=N1007444398,SBS,2023.11.30 18:06
3page,"[Pick] ""수면제 먹이자"" 중학생들이 단톡방서 동급생 성폭행 모의",https://news.sbs.co.krhttps://news.sbs.co.kr/news/endPage.do?news_id=N1007444935,SBS,2023.11.30 17:55
3page,'백현동 용도 변경 반대' 성남시 공무원 해임 취소 소송 1심 승소,https://news.sbs.co.krhttps://news.sbs.co.kr/news/endPage.do?news_id=N1007445029,SBS,2023.11.30 17:52
3page,"[영상] 외진 시골의 농막, 성매매 광고 사이트 사무실이었다…""돈 없다면서요? 이 10억 뭐예요?!""",https://news.sbs.co.krhttps://news.sbs.co.kr/news/endPage.do?news_id=N1007444679,SBS,2023.11.30 17:52
3page,[글로벌D리포트] 일 고려대장경 세계기록유산 추진 논란,https://news.sbs.co.krhttps://news.sbs.co.kr/news/endPage.do?news_id=N1007444951,SBS,2023.11.30 17:51
3page,[날씨] 당분간 영하권 추위…제주 산지 등 최대 10cm↑ 눈,https://news.sbs.co.krhttps://news.sbs.co.kr/news/endPage.do?news_id=N1007444834,SBS,2023.11.30 17:50
3page,온라인에 여자 프로배구 선수 상대 살인예고 글…경찰 수사 나서,https://news.sbs.co.krhttps://news.sbs.co.kr/news/endPage.do?news_id=N1007445019,SBS,2023.11.30 17:48
3page,"SBS 배여운 기자 '깐깐하게', 이달의 기자상 수상",https://news.sbs.co.krhttps://news.sbs.co.kr/news/endPage.do?news_id=N1007444861,SBS,2023.11.30 17:48
3page,"'택시기사 폭행' 이용구 전 차관, 징역형 집행유예 확정",https://news.sbs.co.krhttps://news.sbs.co.kr/news/endPage.do?news_id=N1007444832,SBS,2023.11.30 17:47
3page,[D리포트] 배터리 없는 전기차로 보조금 54억 가로챈 일당 적발,https://news.sbs.co.krhttps://news.sbs.co.kr/news/endPage.do?news_id=N1007444956,SBS,2023.11.30 17:47
4page,약봉지 디자인을 새로 바꾼 이유,https://news.sbs.co.krhttps://news.sbs.co.kr/news/endPage.do?news_id=N1007444398,SBS,2023.11.30 18:06
4page,"[Pick] ""수면제 먹이자"" 중학생들이 단톡방서 동급생 성폭행 모의",https://news.sbs.co.krhttps://news.sbs.co.kr/news/endPage.do?news_id=N1007444935,SBS,2023.11.30 17:55
4page,'백현동 용도 변경 반대' 성남시 공무원 해임 취소 소송 1심 승소,https://news.sbs.co.krhttps://news.sbs.co.kr/news/endPage.do?news_id=N1007445029,SBS,2023.11.30 17:52
4page,"[영상] 외진 시골의 농막, 성매매 광고 사이트 사무실이었다…""돈 없다면서요? 이 10억 뭐예요?!""",https://news.sbs.co.krhttps://news.sbs.co.kr/news/endPage.do?news_id=N1007444679,SBS,2023.11.30 17:52
4page,[글로벌D리포트] 일 고려대장경 세계기록유산 추진 논란,https://news.sbs.co.krhttps://news.sbs.co.kr/news/endPage.do?news_id=N1007444951,SBS,2023.11.30 17:51
4page,[날씨] 당분간 영하권 추위…제주 산지 등 최대 10cm↑ 눈,https://news.sbs.co.krhttps://news.sbs.co.kr/news/endPage.do?news_id=N1007444834,SBS,2023.11.30 17:50
4page,온라인에 여자 프로배구 선수 상대 살인예고 글…경찰 수사 나서,https://news.sbs.co.krhttps://news.sbs.co.kr/news/endPage.do?news_id=N1007445019,SBS,2023.11.30 17:48
4page,"SBS 배여운 기자 '깐깐하게', 이달의 기자상 수상",https://news.sbs.co.krhttps://news.sbs.co.kr/news/endPage.do?news_id=N1007444861,SBS,2023.11.30 17:48
4page,"'택시기사 폭행' 이용구 전 차관, 징역형 집행유예 확정",https://news.sbs.co.krhttps://news.sbs.co.kr/news/endPage.do?news_id=N1007444832,SBS,2023.11.30 17:47
4page,[D리포트] 배터리 없는 전기차로 보조금 54억 가로챈 일당 적발,https://news.sbs.co.krhttps://news.sbs.co.kr/news/endPage.do?news_id=N1007444956,SBS,2023.11.30 17:47
5page,약봉지 디자인을 새로 바꾼 이유,https://news.sbs.co.krhttps://news.sbs.co.kr/news/endPage.do?news_id=N1007444398,SBS,2023.11.30 18:06
5page,"[Pick] ""수면제 먹이자"" 중학생들이 단톡방서 동급생 성폭행 모의",https://news.sbs.co.krhttps://news.sbs.co.kr/news/endPage.do?news_id=N1007444935,SBS,2023.11.30 17:55
5page,'백현동 용도 변경 반대' 성남시 공무원 해임 취소 소송 1심 승소,https://news.sbs.co.krhttps://news.sbs.co.kr/news/endPage.do?news_id=N1007445029,SBS,2023.11.30 17:52
5page,"[영상] 외진 시골의 농막, 성매매 광고 사이트 사무실이었다…""돈 없다면서요? 이 10억 뭐예요?!""",https://news.sbs.co.krhttps://news.sbs.co.kr/news/endPage.do?news_id=N1007444679,SBS,2023.11.30 17:52
5page,[글로벌D리포트] 일 고려대장경 세계기록유산 추진 논란,https://news.sbs.co.krhttps://news.sbs.co.kr/news/endPage.do?news_id=N1007444951,SBS,2023.11.30 17:51
5page,[날씨] 당분간 영하권 추위…제주 산지 등 최대 10cm↑ 눈,https://news.sbs.co.krhttps://news.sbs.co.kr/news/endPage.do?news_id=N1007444834,SBS,2023.11.30 17:50
5page,온라인에 여자 프로배구 선수 상대 살인예고 글…경찰 수사 나서,https://news.sbs.co.krhttps://news.sbs.co.kr/news/endPage.do?news_id=N1007445019,SBS,2023.11.30 17:48
5page,"SBS 배여운 기자 '깐깐하게', 이달의 기자상 수상",https://news.sbs.co.krhttps://news.sbs.co.kr/news/endPage.do?news_id=N1007444861,SBS,2023.11.30 17:48
5page,"'택시기사 폭행' 이용구 전 차관, 징역형 집행유예 확정",https://news.sbs.co.krhttps://news.sbs.co.kr/news/endPage.do?news_id=N1007444832,SBS,2023.11.30 17:47
5page,[D리포트] 배터리 없는 전기차로 보조금 54억 가로챈 일당 적발,https://news.sbs.co.krhttps://news.sbs.co.kr/news/endPage.do?news_id=N1007444956,SBS,2023.11.30 17:47
1page,[D리포트] 배터리 없는 전기차로 보조금 54억 가로챈 일당 적발,https://news.sbs.co.krhttps://news.sbs.co.kr/news/endPage.do?news_id=N1007444956,SBS,2023.11.30 17:47
2page,[D리포트] 배터리 없는 전기차로 보조금 54억 가로챈 일당 적발,https://news.sbs.co.krhttps://news.sbs.co.kr/news/endPage.do?news_id=N1007444956,SBS,2023.11.30 17:47
3page,[D리포트] 배터리 없는 전기차로 보조금 54억 가로챈 일당 적발,https://news.sbs.co.krhttps://news.sbs.co.kr/news/endPage.do?news_id=N1007444956,SBS,2023.11.30 17:47
4page,[D리포트] 배터리 없는 전기차로 보조금 54억 가로챈 일당 적발,https://news.sbs.co.krhttps://news.sbs.co.kr/news/endPage.do?news_id=N1007444956,SBS,2023.11.30 17:47
5page,[D리포트] 배터리 없는 전기차로 보조금 54억 가로챈 일당 적발,https://news.sbs.co.krhttps://news.sbs.co.kr/news/endPage.do?news_id=N1007444956,SBS,2023.11.30 17:47
1page,"SBS 배여운 기자 '깐깐하게', 이달의 기자상 수상",https://news.sbs.co.krhttps://news.sbs.co.kr/news/endPage.do?news_id=N1007444861,SBS,2023.11.30 17:48
2page,"SBS 배여운 기자 '깐깐하게', 이달의 기자상 수상",https://news.sbs.co.krhttps://news.sbs.co.kr/news/endPage.do?news_id=N1007444861,SBS,2023.11.30 17:48
3page,"SBS 배여운 기자 '깐깐하게', 이달의 기자상 수상",https://news.sbs.co.krhttps://news.sbs.co.kr/news/endPage.do?news_id=N1007444861,SBS,2023.11.30 17:48
4page,"SBS 배여운 기자 '깐깐하게', 이달의 기자상 수상",https://news.sbs.co.krhttps://news.sbs.co.kr/news/endPage.do?news_id=N1007444861,SBS,2023.11.30 17:48
5page,"SBS 배여운 기자 '깐깐하게', 이달의 기자상 수상",https://news.sbs.co.krhttps://news.sbs.co.kr/news/endPage.do?news_id=N1007444861,SBS,2023.11.30 17:48
